{
  "mean": [
    2.4987116420707425,
    0.4977746544858281,
    0.5036308268915437,
    5059123.9166081045,
    15133450.456781447,
    10.900445069102835,
    599.9360505973295,
    7472616.537830873,
    4973155.3056922,
    15126305.926446475,
    4976692.433825252
  ],
  "scale": [
    1.695711518231882,
    0.49999504781281845,
    0.49998681692229,
    2806511.065804822,
    9042303.732952276,
    5.708518560381566,
    172.41020390983462,
    6502874.814708318,
    4388452.008689157,
    9102687.33978692,
    3249804.610490215
  ],
  "feature_order": [
    "no_of_dependents",
    "education_enc",
    "self_employed_enc",
    "income_annum",
    "loan_amount",
    "loan_term",
    "cibil_score",
    "residential_assets_value",
    "commercial_assets_value",
    "luxury_assets_value",
    "bank_asset_value"
  ],
  "education_classes": [
    "Graduate",
    "Not Graduate"
  ],
  "self_employed_classes": [
    "No",
    "Yes"
  ]
}